{
  "settings": {
    "start_frame": 0,
    "end_frame": 99,
    "fps": 24,
    "scene_width": 1536,
    "scene_height": 1024,
    "background_path": "/home/jaja/Documents/BaBv2-dev/assets/background/bureaumanu.png"
  },
  "puppets_data": {
    "manu": {
      "path": "assets/manululu.svg",
      "scale": 1.4000000000000004,
      "position": [
        430.5169837594695,
        470.66165886187684
      ]
    }
  },
  "objects": {},
  "keyframes": {
    "0": {
      "objects": {},
      "puppets": {
        "manu": {
          "tete": {
            "rotation": 0.0,
            "pos": [
              446.44523849076904,
              294.2647105656422
            ]
          },
          "cou": {
            "rotation": 0.0,
            "pos": [
              503.3762070027127,
              430.7947368062257
            ]
          },
          "avant_bras_gauche": {
            "rotation": 0.0,
            "pos": [
              687.2960937546023,
              454.6528855665844
            ]
          },
          "main_gauche": {
            "rotation": 0.0,
            "pos": [
              748.630000493808,
              375.86979488810806
            ]
          },
          "coude_gauche": {
            "rotation": 0.0,
            "pos": [
              701.0015870874304,
              529.7931484805035
            ]
          },
          "haut_bras_gauche": {
            "rotation": 0.0,
            "pos": [
              585.5785383563202,
              466.1335766915622
            ]
          },
          "epaule_gauche": {
            "rotation": 0.0,
            "pos": [
              599.1834094059059,
              479.61664583134313
            ]
          },
          "avant_bras_droite": {
            "rotation": 0.0,
            "pos": [
              253.44492772779432,
              454.66288556658435
            ]
          },
          "main_droite": {
            "rotation": 0.0,
            "pos": [
              206.8697210881893,
              375.8697948881082
            ]
          },
          "haut_bras_droite": {
            "rotation": 0.0,
            "pos": [
              328.4916216430997,
              466.1435534985843
            ]
          },
          "coude_droite": {
            "rotation": 0.0,
            "pos": [
              304.4566321630027,
              529.7931484805033
            ]
          },
          "epaule_droite": {
            "rotation": 0.0,
            "pos": [
              406.30564257790763,
              479.63466165106786
            ]
          },
          "cuisse_droite": {
            "rotation": 0.0,
            "pos": [
              444.8682070027128,
              683.6667368062258
            ]
          },
          "tibia_droite": {
            "rotation": 0.0,
            "pos": [
              444.9162070027128,
              817.6947366909191
            ]
          },
          "genou_droite": {
            "rotation": 0.0,
            "pos": [
              462.7762070027128,
              835.3947368062259
            ]
          },
          "hanche_droite": {
            "rotation": 0.0,
            "pos": [
              462.60820700271273,
              698.5167368062258
            ]
          },
          "cuisse_gauche": {
            "rotation": 0.0,
            "pos": [
              525.7682070027126,
              683.6667368062258
            ]
          },
          "tibia_gauche": {
            "rotation": 0.0,
            "pos": [
              525.6962070027128,
              817.6947366909191
            ]
          },
          "genou_gauche": {
            "rotation": 0.0,
            "pos": [
              543.9762070027127,
              835.3947368062259
            ]
          },
          "pied_droite": {
            "rotation": 0.0,
            "pos": [
              385.19220700271273,
              970.5960923227956
            ]
          },
          "pied_gauche": {
            "rotation": 0.0,
            "pos": [
              524.2242070027127,
              970.5960923227956
            ]
          },
          "torse": {
            "rotation": 0.0,
            "pos": [
              430.5169837594695,
              470.66165886187684
            ]
          },
          "hanche_gauche": {
            "rotation": 0.0,
            "pos": [
              543.9682070027127,
              698.5367368062258
            ]
          },
          "cheville_gauche": {
            "rotation": 0.0,
            "pos": [
              543.6242070027126,
              973.0267368062259
            ]
          },
          "cheville_droite": {
            "rotation": 0.0,
            "pos": [
              463.0122070027128,
              973.0267368062259
            ]
          },
          "poignet_gauche": {
            "rotation": 0.0,
            "pos": [
              757.7542070027126,
              433.14473680622564
            ]
          },
          "poignet_droite": {
            "rotation": 0.0,
            "pos": [
              248.50420700271255,
              433.14473680622575
            ]
          }
        }
      }
    },
    "8": {
      "objects": {},
      "puppets": {
        "manu": {
          "tete": {
            "rotation": 0.0,
            "pos": [
              392.1779573847783,
              275.3891345287757
            ]
          },
          "cou": {
            "rotation": 0.0,
            "pos": [
              449.108925896722,
              411.9191607693592
            ]
          },
          "avant_bras_gauche": {
            "rotation": -69.83251280443608,
            "pos": [
              633.0288126486117,
              435.77730952971797
            ]
          },
          "main_gauche": {
            "rotation": 0.0,
            "pos": [
              566.3402468907864,
              367.68626649657784
            ]
          },
          "coude_gauche": {
            "rotation": 0.0,
            "pos": [
              646.7343059814398,
              510.917572443637
            ]
          },
          "haut_bras_gauche": {
            "rotation": 0.0,
            "pos": [
              531.3112572503296,
              447.2580006546957
            ]
          },
          "epaule_gauche": {
            "rotation": 0.0,
            "pos": [
              544.9161282999153,
              460.74106979447663
            ]
          },
          "avant_bras_droite": {
            "rotation": 68.10437330832738,
            "pos": [
              199.17764662180366,
              435.78730952971785
            ]
          },
          "main_droite": {
            "rotation": 0.0,
            "pos": [
              277.98804960091917,
              365.5641825227611
            ]
          },
          "haut_bras_droite": {
            "rotation": 0.0,
            "pos": [
              274.22434053710896,
              447.2679774617178
            ]
          },
          "coude_droite": {
            "rotation": 0.0,
            "pos": [
              250.189351057012,
              510.9175724436367
            ]
          },
          "epaule_droite": {
            "rotation": 0.0,
            "pos": [
              352.0383614719169,
              460.75908561420135
            ]
          },
          "cuisse_droite": {
            "rotation": 0.0,
            "pos": [
              390.60092589672206,
              664.7911607693593
            ]
          },
          "tibia_droite": {
            "rotation": 0.0,
            "pos": [
              390.64892589672206,
              798.8191606540526
            ]
          },
          "genou_droite": {
            "rotation": 0.0,
            "pos": [
              408.5089258967221,
              816.5191607693594
            ]
          },
          "hanche_droite": {
            "rotation": 0.0,
            "pos": [
              408.340925896722,
              679.6411607693593
            ]
          },