{
  "settings": {
    "start_frame": 0,
    "end_frame": 100,
    "fps": 24,
    "scene_width": 1536,
    "scene_height": 1024,
    "background_path": "/home/jaja/Documents/BaBv2-dev/assets/background/bureaumanu.png"
  },
  "puppets_data": {
    "manu": {
      "path": "assets/pantins/manululu.svg",
      "scale": 1.4000000000000004,
      "position": [
        586.4142152831593,
        513.0544050263816
      ]
    }
  },
  "objects": {},
  "keyframes": {
    "0": {
      "objects": {},
      "puppets": {
        "manu": {
          "tete": {
            "rotation": 0.0,
            "pos": [
              602.3424700144589,
              336.6574567301468
            ]
          },
          "cou": {
            "rotation": 0.0,
            "pos": [
              659.2734385264025,
              473.18748297073034
            ]
          },
          "avant_bras_gauche": {
            "rotation": 92.06247444801599,
            "pos": [
              756.4855410610121,
              559.3693365050283
            ]
          },
          "main_gauche": {
            "rotation": 0.0,
            "pos": [
              764.7561209910779,
              689.8096449159495
            ]
          },
          "coude_gauche": {
            "rotation": 0.0,
            "pos": [
              770.19103439384,
              634.5095994189472
            ]
          },
          "haut_bras_gauche": {
            "rotation": 56.11581150172349,
            "pos": [
              741.4757698800101,
              508.5263228560666
            ]
          },
          "epaule_gauche": {
            "rotation": 0.0,
            "pos": [
              755.0806409295958,
              522.0093919958476
            ]
          },
          "avant_bras_droite": {
            "rotation": 265.71514066444166,
            "pos": [
              494.08272261407683,
              559.1201621882467
            ]
          },
          "main_droite": {
            "rotation": 0.0,
            "pos": [
              502.9642125810142,
              689.5951076521158
            ]
          },
          "haut_bras_droite": {
            "rotation": -55.11560321253535,
            "pos": [
              484.38885316678954,
              508.5362996630889
            ]
          },
          "coude_droite": {
            "rotation": 0.0,
            "pos": [
              545.0944270492852,
              634.2504251021657
            ]
          },
          "epaule_droite": {
            "rotation": 0.0,
            "pos": [
              562.2028741015974,
              522.0274078155725
            ]
          },
          "cuisse_droite": {
            "rotation": 0.0,
            "pos": [
              600.7654385264025,
              726.0594829707304
            ]
          },
          "tibia_droite": {
            "rotation": 0.0,
            "pos": [
              600.8134385264024,
              860.0874829707304
            ]
          },
          "genou_droite": {
            "rotation": 0.0,
            "pos": [
              618.6734385264024,
              877.7874829707305
            ]
          },
          "hanche_droite": {
            "rotation": 0.0,
            "pos": [
              618.5054385264025,
              740.9094829707304
            ]
          },
          "cuisse_gauche": {
            "rotation": 0.0,
            "pos": [
              681.6654385264026,
              726.0594829707304
            ]
          },
          "tibia_gauche": {
            "rotation": 0.0,
            "pos": [
              681.5934385264027,
              860.0874828554237
            ]
          },
          "genou_gauche": {
            "rotation": 0.0,
            "pos": [
              699.8734385264027,
              877.7874829707305
            ]
          },
          "pied_droite": {
            "rotation": 0.0,
            "pos": [
              541.0894385264023,
              1012.9888384873002
            ]
          },
          "pied_gauche": {
            "rotation": 0.0,
            "pos": [
              680.1214385264026,
              1012.9888384873002
            ]
          },
          "torse": {
            "rotation": 0.0,
            "pos": [
              586.4142152831593,
              513.0544050263816
            ]
          },
          "hanche_gauche": {
            "rotation": 0.0,
            "pos": [
              699.8654385264025,
              740.9294829707304
            ]
          },
          "cheville_gauche": {
            "rotation": 0.0,
            "pos": [
              699.5214385264026,
              1015.4194829707305
            ]
          },
          "cheville_droite": {
            "rotation": 0.0,
            "pos": [
              618.9094385264023,
              1015.4194829707305
            ]
          },
          "poignet_gauche": {
            "rotation": 0.0,
            "pos": [
              773.8803274999825,
              747.0845868340671
            ]
          },
          "poignet_droite": {
            "rotation": 0.0,
            "pos": [
              544.5986984955374,
              746.8700495702334
            ]
          }
        }
      }
    }
  }
}