{
  "settings": {
    "start_frame": 0,
    "end_frame": 100,
    "fps": 24,
    "scene_width": 1536,
    "scene_height": 1024,
    "background_path": "/home/jaja/Documents/dev_BaBv2/assets/background/bureaumanu.png"
  },
  "puppets": [
    "manurc",
    "manurc_1"
  ],
  "objects": {},
  "keyframes": [
    {
      "index": 0,
      "objects": {},
      "puppets": {
        "manurc": {
          "torse": {
            "rotation": 15.0,
            "pos": [
              696.3029925270441,
              393.4006306705199
            ]
          },
          "poignet_gauche": {
            "rotation": 0.0,
            "pos": [
              1041.1625486957028,
              505.50977083876637
            ]
          },
          "coude_gauche": {
            "rotation": 0.0,
            "pos": [
              951.9110023465929,
              481.59489107129343
            ]
          },
          "avant_bras_gauche": {
            "rotation": 0.0,
            "pos": [
              937.9110023465929,
              467.59489107129343
            ]
          },
          "haut_bras_gauche": {
            "rotation": 0.0,
            "pos": [
              845.1821230228423,
              442.7482627414514
            ]
          },
          "main_gauche": {
            "rotation": 0.0,
            "pos": [
              1039.1625486957028,
              476.46177083876637
            ]
          },
          "epaule_gauche": {
            "rotation": 0.0,
            "pos": [
              859.1821230228423,
              456.7482627414514
            ]
          },
          "poignet_droite": {
            "rotation": 0.0,
            "pos": [
              533.524789859383,
              369.48864331102936
            ]
          },
          "coude_droite": {
            "rotation": 0.0,
            "pos": [
              622.7767998528896,
              393.4036473116439
            ]
          },
          "avant_bras_droite": {
            "rotation": 0.0,
            "pos": [
              543.7763998528895,
              379.4036473116439
            ]
          },
          "haut_bras_droite": {
            "rotation": 0.0,
            "pos": [
              636.5056791766401,
              404.2502756414859
            ]
          },
          "main_droite": {
            "rotation": 0.0,
            "pos": [
              468.47918222999294,
              340.44064331102936
            ]
          },
          "epaule_droite": {
            "rotation": 0.0,
            "pos": [
              715.5056791766401,
              418.2502756414859
            ]
          },
          "genou_gauche": {
            "rotation": 0.0,
            "pos": [
              739.6568809235058,
              745.1834441927699
            ]
          },
          "cuisse_gauche": {
            "rotation": 0.0,
            "pos": [
              757.4421605852846,
              616.3630131395191
            ]
          },
          "tibia_gauche": {
            "rotation": 0.0,
            "pos": [
              722.6568809235058,
              728.1834441927699
            ]
          },
          "pied_gauche": {
            "rotation": 0.0,
            "pos": [
              687.5350258927367,
              860.8785740560024
            ]
          },
          "cheville_gauche": {
            "rotation": 0.0,
            "pos": [
              706.7350983864652,
              868.0492092967394
            ]
          },
          "hanche_gauche": {
            "rotation": 0.0,
            "pos": [
              774.4421605852846,
              615.3630131395191
            ]
          },
          "genou_droite": {
            "rotation": 0.0,
            "pos": [
              673.5875544053335,
              727.4802215077575
            ]
          },
          "cuisse_droite": {
            "rotation": 0.0,
            "pos": [
              691.3728340671123,
              598.6597904545067
            ]
          },
          "tibia_droite": {
            "rotation": 0.0,
            "pos": [
              656.5875544053335,
              710.4802215077575
            ]
          },
          "cheville_droite": {
            "rotation": 0.0,
            "pos": [
              640.665771868293,
              850.345986611727
            ]
          },
          "hanche_droite": {
            "rotation": 0.0,
            "pos": [
              708.3728340671123,
              597.6597904545067
            ]
          },
          "pied_droite": {
            "rotation": 0.0,
            "pos": [
              563.665771868293,
              843.17535137099
            ]
          },
          "cou": {
            "rotation": 0.0,
            "pos": [
              794.7861380228861,
              409.6178246611044
            ]
          },
          "tete": {
            "rotation": 0.0,
            "pos": [
              738.5870779444876,
              268.4178246611044
            ]
          }
        },
        "manurc_1": {
          "torse": {
            "rotation": -32.0,
            "pos": [
              341.1784134024649,
              436.498273768163
            ]
          },
          "poignet_gauche": {
            "rotation": 0.0,
            "pos": [
              564.3446785264363,
              383.8858746657457
            ]
          },
          "coude_gauche": {
            "rotation": 0.0,
            "pos": [
              499.04497512239146,
              424.6896580117025
            ]
          },
          "avant_bras_gauche": {
            "rotation": 0.0,
            "pos": [
              485.04497512239146,
              410.6896580117025
            ]
          },
          "haut_bras_gauche": {
            "rotation": 0.0,
            "pos": [
              417.2011274298774,
              453.0831991503589
            ]
          },
          "main_gauche": {
            "rotation": 0.0,
            "pos": [
              562.3446785264363,
              354.8378746657457
            ]
          },
          "epaule_gauche": {
            "rotation": 0.0,
            "pos": [
              431.2011274298774,
              467.0831991503589
            ]
          },
          "poignet_droite": {
            "rotation": 0.0,
            "pos": [
              192.93828340310637,
              615.9663480814405
            ]
          },
          "coude_droite": {
            "rotation": 0.0,
            "pos": [
              258.23832602638964,
              575.1623527677781
            ]
          },
          "avant_bras_droite": {
            "rotation": 0.0,
            "pos": [
              179.23792602638966,
              561.1623527677781
            ]
          },
          "haut_bras_droite": {
            "rotation": 0.0,
            "pos": [
              247.08217371890373,
              518.7688116291216
            ]
          },
          "main_droite": {
            "rotation": 0.0,
            "pos": [
              127.89267577371638,
              586.9183480814405
            ]
          },
          "epaule_droite": {
            "rotation": 0.0,
            "pos": [
              326.08217371890373,
              532.7688116291216
            ]
          },
          "genou_gauche": {
            "rotation": 0.0,
            "pos": [
              539.0612262080426,
              703.8561566340302
            ]
          },
          "cuisse_gauche": {
            "rotation": 0.0,
            "pos": [
              462.71026861392363,
              609.8747698645105
            ]
          },
          "tibia_gauche": {
            "rotation": 0.0,
            "pos": [
              522.0612262080426,
              686.8561566340302
            ]
          },
          "pied_gauche": {
            "rotation": 0.0,
            "pos": [
              576.0325957230339,
              786.5786195858744
            ]
          },
          "cheville_gauche": {
            "rotation": 0.0,