{
  "settings": {
    "start_frame": 0,
    "end_frame": 40,
    "fps": 24,
    "scene_width": 1536,
    "scene_height": 1024,
    "background_path": "/home/jaja/Documents/dev_BaBv2/assets/background/bureaumanu.png"
  },
  "puppets": [
    "manurc"
  ],
  "objects": {},
  "keyframes": [
    {
      "index": 0,
      "objects": {},
      "puppets": {
        "manurc": {
          "torse": {
            "rotation": 0.0,
            "pos": [
              696.3029925270441,
              393.4006306705199
            ]
          },
          "poignet_gauche": {
            "rotation": 0.0,
            "pos": [
              902.6129035114247,
              418.24175102302104
            ]
          },
          "coude_gauche": {
            "rotation": 0.0,
            "pos": [
              843.657497030322,
              368.71135584341494
            ]
          },
          "avant_bras_gauche": {
            "rotation": 119.84131305127599,
            "pos": [
              829.657497030322,
              354.71135584341494
            ]
          },
          "haut_bras_gauche": {
            "rotation": -79.80657902107056,
            "pos": [
              815.499758764591,
              433.4486306705199
            ]
          },
          "main_gauche": {
            "rotation": 0.0,
            "pos": [
              900.6129035114247,
              389.19375102302104
            ]
          },
          "epaule_gauche": {
            "rotation": 0.0,
            "pos": [
              829.499758764591,
              447.4486306705199
            ]
          },
          "poignet_droite": {
            "rotation": 0.0,
            "pos": [
              646.5162804118252,
              422.5285201891247
            ]
          },
          "coude_droite": {
            "rotation": 0.0,
            "pos": [
              700.4873499439074,
              367.60871270837
            ]
          },
          "avant_bras_droite": {
            "rotation": 228.12604621796478,
            "pos": [
              621.4869499439073,
              353.60871270837
            ]
          },
          "haut_bras_droite": {
            "rotation": 86.37476315755505,
            "pos": [
              626.5457587645909,
              433.4486306705199
            ]
          },
          "main_droite": {
            "rotation": 0.0,
            "pos": [
              581.4706727824351,
              393.4805201891247
            ]
          },
          "epaule_droite": {
            "rotation": 0.0,
            "pos": [
              705.5457587645909,
              447.4486306705199
            ]
          },
          "genou_gauche": {
            "rotation": 0.0,
            "pos": [
              906.7015249311195,
              606.7485594029009
            ]
          },
          "cuisse_gauche": {
            "rotation": -83.15533873385047,
            "pos": [
              778.499758764591,
              594.4006306705198
            ]
          },
          "tibia_gauche": {
            "rotation": 132.98198651442746,
            "pos": [
              889.7015249311195,
              589.7485594029009
            ]
          },
          "pied_gauche": {
            "rotation": 0.0,
            "pos": [
              806.5072612893903,
              667.9587767473805
            ]
          },
          "cheville_gauche": {
            "rotation": 0.0,
            "pos": [
              825.7073337831188,
              675.1294119881175
            ]
          },
          "hanche_gauche": {
            "rotation": 0.0,
            "pos": [
              795.499758764591,
              593.4006306705198
            ]
          },
          "genou_droite": {
            "rotation": 0.0,
            "pos": [
              626.5750268732678,
              597.5060406446189
            ]
          },
          "cuisse_droite": {
            "rotation": 87.89932703920805,
            "pos": [
              721.499758764591,
              594.4006306705198
            ]
          },
          "tibia_droite": {
            "rotation": 232.044452098369,
            "pos": [
              609.5750268732678,
              580.5060406446189
            ]
          },
          "cheville_droite": {
            "rotation": 0.0,
            "pos": [
              694.7901580030313,
              678.6398553272109
            ]
          },
          "hanche_droite": {
            "rotation": 0.0,
            "pos": [
              738.499758764591,
              593.4006306705198
            ]
          },
          "pied_droite": {
            "rotation": 0.0,
            "pos": [
              617.7901580030313,
              671.4692200864739
            ]
          },
          "cou": {
            "rotation": 0.0,
            "pos": [
              767.499758764591,
              423.4006306705199
            ]
          },
          "tete": {
            "rotation": 0.0,
            "pos": [
              711.3006986861926,
              282.2006306705199
            ]
          }
        }
      }
    },
    {
      "index": 20,
      "objects": {},
      "puppets": {
        "manurc": {
          "torse": {
            "rotation": 0.0,
            "pos": [
              696.3029925270441,
              393.4006306705199
            ]
          },
          "poignet_gauche": {
            "rotation": 0.0,
            "pos": [
              976.1572570823704,
              503.287927402296
            ]
          },
          "coude_gauche": {
            "rotation": 0.0,
            "pos": [
              903.3862553145362,
              478.1208596011818
            ]
          },
          "avant_bras_gauche": {
            "rotation": -3.4672301984951446,
            "pos": [
              889.3862553145362,
              464.1208596011818
            ]
          },
          "haut_bras_gauche": {
            "rotation": 22.54462369106173,
            "pos": [
              815.499758764591,
              433.4486306705199
            ]
          },
          "main_gauche": {
            "rotation": 0.0,
            "pos": [
              974.1572570823704,
              474.239927402296
            ]
          },
          "epaule_gauche": {
            "rotation": 0.0,
            "pos": [
              829.499758764591,
              447.4486306705199
            ]
          },
          "poignet_droite": {
            "rotation": 0.0,
            "pos": [
              560.7665404280044,
              505.7836776594255
            ]
          },
          "coude_droite": {
            "rotation": 0.0,
            "pos": [
              628.6021727913947,
              469.3503332889321
            ]
          },
          "avant_bras_droite": {
            "rotation": 347.64932801977113,
            "pos": [
              549.6017727913946,
              455.3503332889321
            ]
          },
          "haut_bras_droite": {
            "rotation": 344.111195981434,
            "pos": [
              626.5457587645909,
              433.4486306705199
            ]
          },
          "main_droite": {
            "rotation": 0.0,
            "pos": [
              495.7209327986144,
              476.7356776594255
            ]
          },
          "epaule_droite": {
            "rotation": 0.0,
            "pos": [
              705.5457587645909,
              447.4486306705199
            ]
          },
          "genou_gauche": {
            "rotation": 0.0,
            "pos": [
              906.7015249311195,
              606.7485594029009
            ]
          },
          "cuisse_gauche": {
            "rotation": -83.15533873385047,
            "pos": [
              778.499758764591,
              594.4006306705198
            ]
          },
          "tibia_gauche": {
            "rotation": 70.93183817093558,