{
  "settings": {
    "start_frame": 0,
    "end_frame": 100,
    "fps": 24,
    "scene_width": 1536,
    "scene_height": 1024,
    "background_path": "/home/jaja/Documents/dev_BaBv2/assets/background/bureaumanu.png"
  },
  "puppets": [
    "manu"
  ],
  "objects": {
    "Faucille": {
      "name": "Faucille",
      "obj_type": "svg",
      "file_path": "/home/jaja/Documents/dev_BaBv2/assets/objets/Faucille.svg",
      "x": -35.581172997063085,
      "y": -169.45832379697066,
      "rotation": 45.0,
      "scale": 0.6000000000000001,
      "z": 0,
      "attached_to": [
        "manu",
        "main_droite"
      ]
    }
  },
  "keyframes": [
    {
      "index": 0,
      "objects": {
        "Faucille": {
          "name": "Faucille",
          "obj_type": "svg",
          "file_path": "/home/jaja/Documents/dev_BaBv2/assets/objets/Faucille.svg",
          "x": -35.581172997063085,
          "y": -169.45832379697066,
          "rotation": 45.0,
          "scale": 0.6000000000000001,
          "z": 0,
          "attached_to": [
            "manu",
            "main_droite"
          ]
        }
      },
      "puppets": {
        "manu": {
          "tete": {
            "rotation": 0.0,
            "pos": [
              521.250570477012,
              310.3868951805008
            ]
          },
          "cou": {
            "rotation": 0.0,
            "pos": [
              578.1815389889557,
              446.91692142108434
            ]
          },
          "avant_bras_gauche": {
            "rotation": 0.0,
            "pos": [
              705.4941464659271,
              442.34692142108435
            ]
          },
          "main_gauche": {
            "rotation": 0.0,
            "pos": [
              750.7273324800509,
              391.2919795029668
            ]
          },
          "coude_gauche": {
            "rotation": 0.0,
            "pos": [
              719.199639798755,
              517.4871843350035
            ]
          },
          "haut_bras_gauche": {
            "rotation": 0.0,
            "pos": [
              632.8675033556742,
              468.1637669825667
            ]
          },
          "epaule_gauche": {
            "rotation": 0.0,
            "pos": [
              646.4723744052596,
              481.6468361223477
            ]
          },
          "avant_bras_droite": {
            "rotation": 0.0,
            "pos": [
              384.9415389889557,
              442.3569214210843
            ]
          },
          "main_droite": {
            "rotation": 0.0,
            "pos": [
              354.46705307443244,
              391.2919795029668
            ]
          },
          "haut_bras_droite": {
            "rotation": 0.0,
            "pos": [
              430.8921869361942,
              468.1690744863015
            ]
          },
          "coude_droite": {
            "rotation": 0.0,
            "pos": [
              435.95324342416404,
              517.4871843350032
            ]
          },
          "epaule_droite": {
            "rotation": 0.0,
            "pos": [
              508.7062078710021,
              481.66018263878505
            ]
          },
          "cuisse_droite": {
            "rotation": 52.70076285583258,
            "pos": [
              531.3215389889557,
              623.2969214210843
            ]
          },
          "tibia_droite": {
            "rotation": -101.7974522895143,
            "pos": [
              453.5000252682197,
              679.7888295931873
            ]
          },
          "genou_droite": {
            "rotation": 0.0,
            "pos": [
              471.3600252682197,
              697.4888295931872
            ]
          },
          "hanche_droite": {
            "rotation": 0.0,
            "pos": [
              549.0615389889557,
              638.1469214210844
            ]
          },
          "cuisse_gauche": {
            "rotation": -88.37419340621105,
            "pos": [
              588.9815389889557,
              623.2969214210843
            ]
          },
          "tibia_gauche": {
            "rotation": 86.78811069219432,
            "pos": [
              686.6127478867854,
              623.2008471161001
            ]
          },
          "genou_gauche": {
            "rotation": 0.0,
            "pos": [
              704.8927478867854,
              640.9008472314069
            ]
          },
          "pied_droite": {
            "rotation": 0.0,
            "pos": [
              467.95431589294515,
              759.1944870946467
            ]
          },
          "pied_gauche": {
            "rotation": 0.0,
            "pos": [
              687.9358601600437,
              736.7174923901706
            ]
          },
          "torse": {
            "rotation": 0.0,
            "pos": [
              505.41031595667937,
              444.8275351220922
            ]
          },
          "hanche_gauche": {
            "rotation": 0.0,
            "pos": [
              607.1815389889557,
              638.1669214210843
            ]
          },
          "cheville_gauche": {
            "rotation": 0.0,
            "pos": [
              707.3358601600437,
              739.148136873601
            ]
          },
          "cheville_droite": {
            "rotation": 0.0,
            "pos": [
              545.7743158929451,
              761.625131578077
            ]
          },
          "poignet_gauche": {
            "rotation": 0.0,
            "pos": [
              759.8515389889556,
              448.5669214210843
            ]
          },
          "poignet_droite": {
            "rotation": 0.0,
            "pos": [
              396.10153898895567,
              448.5669214210843
            ]
          }
        }
      }
    },
    {
      "index": 14,
      "objects": {
        "Faucille": {
          "name": "Faucille",
          "obj_type": "svg",
          "file_path": "/home/jaja/Documents/dev_BaBv2/assets/objets/Faucille.svg",
          "x": -31.619857716598936,
          "y": -171.43898143720273,
          "rotation": 45.0,
          "scale": 0.6000000000000001,
          "z": 0,
          "attached_to": [
            "manu",
            "main_droite"
          ]
        }
      },
      "puppets": {
        "manu": {
          "tete": {
            "rotation": 0.0,
            "pos": [
              715.3550192197584,
              472.80082167953356
            ]
          },
          "cou": {
            "rotation": 0.0,
            "pos": [
              772.2859877317021,
              609.3308479201171
            ]
          },
          "avant_bras_gauche": {
            "rotation": 89.60199229134557,
            "pos": [
              860.59660528601,
              642.6523775556095
            ]
          },
          "main_gauche": {
            "rotation": 0.0,
            "pos": [
              894.3955716992308,
              735.7179978129723
            ]
          },
          "coude_gauche": {
            "rotation": 0.0,
            "pos": [
              874.302098618838,
              717.7926404695286
            ]
          },
          "haut_bras_gauche": {
            "rotation": 39.18612234491333,
            "pos": [
              826.9719520984206,
              630.5776934815996
            ]
          },
          "epaule_gauche": {
            "rotation": 0.0,
            "pos": [
              840.576823148006,
              644.0607626213805
            ]
          },
          "avant_bras_droite": {
            "rotation": 275.1068414883731,
            "pos": [
              605.8801439950158,
              635.7812250095664
            ]
          },
          "main_droite": {
            "rotation": 0.0,
            "pos": [
              568.915976299802,
              719.1577362267367
            ]
          },
          "haut_bras_droite": {
            "rotation": -29.295300090598403,